Category,Message
Positive,充実した時間を過ごされたようですね．これからもその調子でいきましょう！
Positive,素晴らしい日になったようですね．その余韻を楽しんでください．
Positive,今日の達成感，忘れないように記録してみるのも良いかもしれません．
Positive,いいことがあったようですね．その気持ちを大切にしてください！
Positive,成功されたのですね．自分へのご褒美を考えるのも良いですね！
Positive,ワクワクした気持ち，とても素敵です．そのエネルギーを活かしてください．
Positive,大切な人と楽しい時間を過ごされたのですね．その幸せを噛み締めてください．
Positive,目標を達成されたのですね．その喜びを自分の糧にしてください．
Positive,素敵な経験をされたようですね．その感動を周りの人とも分かち合ってみてはいかがでしょうか？
Positive,自信に溢れた瞬間があったのですね．その感覚を次に活かしましょう．
Negative,落ち込む日もあります．少し休んでリセットしてみるのはいかがですか？
Negative,気持ちが沈んでいるようですね．温かい飲み物を飲みながらリラックスしてみてください．
Negative,疲れを感じる日もあります．自分を甘やかす時間を作ることも大切です．
Negative,焦らずにいきましょう．明日はきっと違う日になります．
Negative,今日は少し大変なことがあったのですね．新しい視点で考えてみると，違う気づきが得られるかもしれません．
Negative,辛い1日だったようですね．少し散歩に出て気分転換をしてみるのも良いかもしれません．
Negative,悲しいことがあったようですね．その気持ちを誰かに話すのも癒しになります．
Negative,困難に直面されたようですね．それも成長の一部と考えてみましょう．
Negative,失敗してしまったのですね．でも，次の成功の糧になりますよ．
Negative,難しい状況だったようですね．違う視点で再評価してみると良いかもしれません．
Neutral,安定した気分でいられたようですね．その調子で進んでいきましょう．
Neutral,穏やかな1日だったようですね．その静けさを楽しんでください．
Neutral,平和な時間を過ごされたのですね．それも大切な時間です．
Neutral,今日は穏やかな1日だったのですね．そのリズムを大切にしてください．
Neutral,感情の波が小さい日ですね．そんな日もあります．
Neutral,今日は落ち着いた気分ですね．そのバランスを保つことを意識してみてください．
Neutral,特に大きな動きがなかった日ですね．感情を記録して振り返るのも役立ちます．
Neutral,特別なことがない日も，次への準備期間と考えてみてはいかがでしょうか？
Neutral,ニュートラルな気分ですね．次の目標を考える時間に使うのも良いかもしれません．
Neutral,特に大きな感情の変化がないのですね．自分を見つめ直す日にもできます．